{
    "model_name": "Optuna Random Forest",
    "r2": -1.1265299766735186,
    "mae": 96.05794833864435,
    "mse": 12837.692023901502,
    "rmse": 113.30353932645485,
    "mape": 33.88986155962497
}