{
    "model_name": "Optuna Random Forest",
    "r2": -0.8919703782935995,
    "mae": 90.40936813680439,
    "mse": 11421.674418562223,
    "rmse": 106.87223408613775,
    "mape": 31.990246359949705
}