{
    "model_name": "Optuna Random Forest",
    "r2": -0.058169450219961005,
    "mae": 65.37459288502866,
    "mse": 7108.758721532737,
    "rmse": 84.31345516305649,
    "mape": 12.485954029657242
}