{
    "model_name": "Optuna Random Forest",
    "r2": -0.057881385692681864,
    "mae": 65.38019373564202,
    "mse": 7106.823510475346,
    "rmse": 84.30197809349046,
    "mape": 12.495030562109715
}