{
    "model_name": "Optuna Random Forest",
    "r2": 0.14806059090435508,
    "mae": 48.968855147191604,
    "mse": 4014.8092443273918,
    "rmse": 63.36252239555644,
    "mape": 8.961322115204105
}