{
    "model_name": "Optuna Random Forest",
    "r2": -1.1339029700852299,
    "mae": 96.43068612355103,
    "mse": 12882.202197636208,
    "rmse": 113.49978941670425,
    "mape": 33.99309427049004
}