{
    "model_name": "Optuna Random Forest",
    "r2": -1.135994069798608,
    "mae": 96.34537945786698,
    "mse": 12894.825999983737,
    "rmse": 113.55538736662271,
    "mape": 33.94991198473171
}