{
    "model_name": "Optuna Random Forest",
    "r2": -0.050731336164787644,
    "mae": 64.75678578818729,
    "mse": 7058.789637516488,
    "rmse": 84.01660334431813,
    "mape": 12.352631242887712
}