{
    "model_name": "Optuna Random Forest",
    "r2": -0.9091662563569505,
    "mae": 90.77587050401111,
    "mse": 11525.484564235874,
    "rmse": 107.3568095848413,
    "mape": 32.12581973073624
}