{
    "model_name": "Optuna Random Forest",
    "r2": -0.9109182232954078,
    "mae": 90.85686133482653,
    "mse": 11536.061049043841,
    "rmse": 107.40605685455472,
    "mape": 32.16012131235156
}