{
    "model_name": "Optuna Random Forest",
    "r2": 0.3258342178420087,
    "mae": 43.16848449308626,
    "mse": 3177.0416833871836,
    "rmse": 56.36525244676177,
    "mape": 7.901548621634734
}