{
    "model_name": "Optuna Random Forest",
    "r2": 0.13529242213176873,
    "mae": 49.29704813173467,
    "mse": 4074.979910778575,
    "rmse": 63.83556932289846,
    "mape": 9.001504192817492
}