{
    "model_name": "Optuna Random Forest",
    "r2": 0.2969574542941672,
    "mae": 44.315848900507625,
    "mse": 3313.1249494039507,
    "rmse": 57.55975112354075,
    "mape": 8.120784887164051
}