{
    "model_name": "Optuna Random Forest",
    "r2": -0.09968308088489786,
    "mae": 66.45243702493336,
    "mse": 7387.646364707953,
    "rmse": 85.95141863115438,
    "mape": 12.67806579296646
}