{
    "model_name": "Optuna Random Forest",
    "r2": -0.022662360567970108,
    "mae": 63.94571668805457,
    "mse": 6870.222886664923,
    "rmse": 82.88680767567854,
    "mape": 12.231048778341288
}