{
    "model_name": "Optuna Random Forest",
    "r2": 0.1200690907465044,
    "mae": 49.65566815683861,
    "mse": 4146.720660088315,
    "rmse": 64.39503598949467,
    "mape": 9.055663620892512
}