{
    "model_name": "Optuna Random Forest",
    "r2": 0.31385312004742205,
    "mae": 43.831120829178055,
    "mse": 3233.503236485142,
    "rmse": 56.86390099601981,
    "mape": 8.04207436136438
}