{
    "model_name": "Optuna Random Forest",
    "r2": -0.06296930940958312,
    "mae": 65.52933113981912,
    "mse": 7141.004068314637,
    "rmse": 84.50446182489205,
    "mape": 12.520427656228755
}