{
    "model_name": "Optuna Random Forest",
    "r2": 0.33357827330075407,
    "mae": 43.10283555201491,
    "mse": 3140.547415000939,
    "rmse": 56.0405872114215,
    "mape": 7.914330163900683
}