{
    "model_name": "Optuna Random Forest",
    "r2": -0.040536203342286914,
    "mae": 64.2879657271925,
    "mse": 6990.298963027566,
    "rmse": 83.60800776855986,
    "mape": 12.292595507736435
}