{
    "model_name": "Optuna Random Forest",
    "r2": -0.04317292793939065,
    "mae": 64.58422298792216,
    "mse": 7008.012419952679,
    "rmse": 83.71387232682932,
    "mape": 12.321509726294254
}