{
    "model_name": "Optuna Random Forest",
    "r2": -1.1386115954306013,
    "mae": 96.40655556301273,
    "mse": 12910.627793655492,
    "rmse": 113.62494353642379,
    "mape": 34.00076745164657
}