{
    "model_name": "Optuna Random Forest",
    "r2": -0.9012226896106423,
    "mae": 90.65571263647855,
    "mse": 11477.52988474439,
    "rmse": 107.1332342681037,
    "mape": 32.09746398082259
}