{
    "model_name": "Optuna Random Forest",
    "r2": 0.0614660968065448,
    "mae": 51.39501418662217,
    "mse": 4422.890349274507,
    "rmse": 66.50481448191933,
    "mape": 9.35656611976038
}