{
    "model_name": "Optuna Random Forest",
    "r2": 0.8783848874892934,
    "mae": 27.224771195455084,
    "mse": 1528.5824863386422,
    "rmse": 39.09709050989142,
    "mape": 6.909931024890007
}