{
    "model_name": "Optuna Random Forest",
    "r2": 0.8880902096668584,
    "mae": 25.650691388292838,
    "mse": 1406.5961213332746,
    "rmse": 37.504614667174955,
    "mape": 6.501847272023214
}