{
    "model_name": "Optuna Random Forest",
    "r2": 0.8740134113392483,
    "mae": 27.941092402548666,
    "mse": 1583.5276468902782,
    "rmse": 39.7935628825854,
    "mape": 7.137660581397507
}