{
    "model_name": "Optuna Random Forest",
    "r2": 0.8876014760214879,
    "mae": 25.768485552474218,
    "mse": 1412.7390231106515,
    "rmse": 37.58642072757995,
    "mape": 6.532689863557921
}