{
    "model_name": "Optuna Random Forest",
    "r2": 0.8780282382294077,
    "mae": 27.388102139810083,
    "mse": 1533.0652171536879,
    "rmse": 39.154376730497034,
    "mape": 6.949015946855608
}