{
    "model_name": "Optuna Random Forest",
    "r2": 0.8797649487958805,
    "mae": 26.97020185974077,
    "mse": 1511.2364715237734,
    "rmse": 38.87462503386719,
    "mape": 6.828061258531489
}