{
    "model_name": "Optuna Random Forest",
    "r2": 0.8860221664301717,
    "mae": 26.16346824567018,
    "mse": 1432.58939311775,
    "rmse": 37.849562654246746,
    "mape": 6.643291992733269
}