{
    "model_name": "Optuna Random Forest",
    "r2": 0.8880757010446206,
    "mae": 25.655651360663654,
    "mse": 1406.7784804611472,
    "rmse": 37.50704574424847,
    "mape": 6.502164754256054
}